{"cameraMode":{"drawMode":0,"name":"Shaded","section":"Shading Mode"},"sceneLighting":false,"audioPlay":false,"sceneViewState":{"showFog":true,"showMaterialUpdate":false,"showSkybox":true,"showFlares":true,"showImageEffects":true,"showParticleSystems":true},"in2DMode":false,"pivot":{"x":17.335878372192384,"y":0.9407484531402588,"z":6.174050331115723},"rotation":{"x":0.06831692904233933,"y":0.6413335204124451,"z":-0.05749507620930672,"w":0.7620554566383362},"size":18.995920181274415,"orthographic":false}