{"cameraMode":{"drawMode":0,"name":"Shaded","section":"Shading Mode"},"sceneLighting":false,"audioPlay":false,"sceneViewState":{"showFog":true,"showMaterialUpdate":false,"showSkybox":true,"showFlares":true,"showImageEffects":true,"showParticleSystems":true},"in2DMode":false,"pivot":{"x":2.384185791015625e-7,"y":1.8224999904632569,"z":0.0},"rotation":{"x":-0.24906310439109803,"y":0.5637207627296448,"z":-0.18331877887248994,"w":-0.7658854722976685},"size":7.709303379058838,"orthographic":false}