{"cameraMode":{"drawMode":0,"name":"Shaded","section":"Shading Mode"},"sceneLighting":true,"audioPlay":false,"sceneViewState":{"showFog":true,"showMaterialUpdate":false,"showSkybox":true,"showFlares":true,"showImageEffects":true,"showParticleSystems":true},"in2DMode":false,"pivot":{"x":12.626766204833985,"y":-14.911149978637696,"z":27.57180404663086},"rotation":{"x":0.2501910328865051,"y":-0.1468791365623474,"z":0.038429681211709979,"w":0.9562195539474487},"size":117.95849609375,"orthographic":false}