{"cameraMode":{"drawMode":0,"name":"Shaded","section":"Shading Mode"},"sceneLighting":true,"audioPlay":false,"sceneViewState":{"showFog":true,"showMaterialUpdate":false,"showSkybox":true,"showFlares":true,"showImageEffects":true,"showParticleSystems":true},"in2DMode":false,"pivot":{"x":-29.273584365844728,"y":-13.441230773925782,"z":41.40536880493164},"rotation":{"x":0.17210367321968079,"y":-0.07027789205312729,"z":0.01232316717505455,"w":0.9825063347816467},"size":63.947208404541019,"orthographic":false}