{"cameraMode":{"drawMode":0,"name":"Shaded","section":"Shading Mode"},"sceneLighting":true,"audioPlay":false,"sceneViewState":{"showFog":true,"showMaterialUpdate":false,"showSkybox":true,"showFlares":true,"showImageEffects":true,"showParticleSystems":true},"in2DMode":false,"pivot":{"x":-37.56976318359375,"y":-6.980825424194336,"z":24.118967056274415},"rotation":{"x":-0.1007101759314537,"y":0.7452804446220398,"z":-0.1155911535024643,"w":-0.6489557027816773},"size":105.17335510253906,"orthographic":false}