{"cameraMode":{"drawMode":0,"name":"Shaded","section":"Shading Mode"},"sceneLighting":false,"audioPlay":false,"sceneViewState":{"showFog":true,"showMaterialUpdate":false,"showSkybox":true,"showFlares":true,"showImageEffects":true,"showParticleSystems":true},"in2DMode":false,"pivot":{"x":-0.021947503089904786,"y":1.7244868278503419,"z":-0.044309139251708987},"rotation":{"x":0.005363038275390863,"y":0.13963480293750764,"z":-0.0007120659574866295,"w":0.9902150630950928},"size":5.958250522613525,"orthographic":false}