{"cameraMode":{"drawMode":0,"name":"Shaded","section":"Shading Mode"},"sceneLighting":false,"audioPlay":false,"sceneViewState":{"showFog":true,"showMaterialUpdate":false,"showSkybox":true,"showFlares":true,"showImageEffects":true,"showParticleSystems":true},"in2DMode":false,"pivot":{"x":31.428436279296876,"y":1.4150389432907105,"z":-0.3966611623764038},"rotation":{"x":0.16150321066379548,"y":0.09074005484580994,"z":-0.014915243722498417,"w":0.9825817942619324},"size":22.0,"orthographic":false}