{"cameraMode":{"drawMode":0,"name":"Shaded","section":"Shading Mode"},"sceneLighting":true,"audioPlay":false,"sceneViewState":{"showFog":true,"showMaterialUpdate":false,"showSkybox":true,"showFlares":true,"showImageEffects":true,"showParticleSystems":true},"in2DMode":false,"pivot":{"x":14.303983688354493,"y":-2.500178337097168,"z":-5.837741851806641},"rotation":{"x":-0.020990358665585519,"y":-0.977745532989502,"z":0.17066681385040284,"w":-0.12026922404766083},"size":50.77973556518555,"orthographic":false}