{"cameraMode":{"drawMode":0,"name":"Shaded","section":"Shading Mode"},"sceneLighting":true,"audioPlay":false,"sceneViewState":{"showFog":true,"showMaterialUpdate":false,"showSkybox":true,"showFlares":true,"showImageEffects":true,"showParticleSystems":true},"in2DMode":false,"pivot":{"x":-23.822832107543947,"y":11.851661682128907,"z":9.044532775878907},"rotation":{"x":0.10318770259618759,"y":0.04950983077287674,"z":-0.005142477340996265,"w":0.9934218525886536},"size":68.06504821777344,"orthographic":false}