{"cameraMode":{"drawMode":0,"name":"Shaded","section":"Shading Mode"},"sceneLighting":false,"audioPlay":false,"sceneViewState":{"showFog":true,"showMaterialUpdate":false,"showSkybox":true,"showFlares":true,"showImageEffects":true,"showParticleSystems":true},"in2DMode":false,"pivot":{"x":1.1084747314453126,"y":2.6353421211242677,"z":1.7720413208007813},"rotation":{"x":-0.07674410194158554,"y":-0.326354056596756,"z":0.026594530791044236,"w":-0.9417515993118286},"size":14.045463562011719,"orthographic":false}