{"cameraMode":{"drawMode":0,"name":"Shaded","section":"Shading Mode"},"sceneLighting":false,"audioPlay":false,"sceneViewState":{"showFog":true,"showMaterialUpdate":false,"showSkybox":true,"showFlares":true,"showImageEffects":true,"showParticleSystems":true},"in2DMode":false,"pivot":{"x":2.384185791015625e-7,"y":1.8224999904632569,"z":-1.4901161193847657e-7},"rotation":{"x":-0.4297616481781006,"y":-0.016782773658633233,"z":0.007989255711436272,"w":-0.902751088142395},"size":7.630430698394775,"orthographic":false}